"region","total_users","total_orders","avg_costs_per_order","installments_ratio","promo_ratio","cancel_ratio"
Москва,39386,40747,3166.4387713868163364,0.4772621297273419,0.03740152649274793,0.006271263900878485
Новосибирская область,11044,11401,3517.5620131936057761,0.5414437330058767,0.03675116217875625,0.004255704454907642
Санкт-Петербург,11978,12414,3619.6060949344074292,0.546560335105526,0.04164652811342033,0.005343129069961597
