"segment","total_users","avg_orders","avg_costs"
"6-10 заказов",5,7.0000000000000000,2772.8968253968253968
"2-5 заказов",1934,2.0910031023784902,3056.6754653567735265
"1 заказ",60468,1.00000000000000000000,3324.0772288094723363
"11 и более заказов",1,15.0000000000000000,1244.8000000000000000
